[{
  "id": 1,
  "gender": "Female",
  "first_name": "Lori",
  "last_name": "Gibson",
  "email": "lgibson0@who.int",
  "ip_address": "123.102.180.198"
}, {
  "id": 2,
  "gender": "Male",
  "first_name": "Chris",
  "last_name": "Greene",
  "email": "cgreene1@is.gd",
  "ip_address": "213.109.164.243"
}, {
  "id": 3,
  "gender": "Male",
  "first_name": "Johnny",
  "last_name": "Bennett",
  "email": "jbennett2@t.co",
  "ip_address": "236.207.231.182"
}, {
  "id": 4,
  "gender": "Male",
  "first_name": "Adam",
  "last_name": "Marshall",
  "email": "amarshall3@hubpages.com",
  "ip_address": "82.206.103.130"
}, {
  "id": 5,
  "gender": "Male",
  "first_name": "Lawrence",
  "last_name": "Mcdonald",
  "email": "lmcdonald4@weibo.com",
  "ip_address": "169.169.45.134"
}, {
  "id": 6,
  "gender": "Male",
  "first_name": "Howard",
  "last_name": "Pierce",
  "email": "hpierce5@studiopress.com",
  "ip_address": "151.111.133.122"
}, {
  "id": 7,
  "gender": "Female",
  "first_name": "Wanda",
  "last_name": "Scott",
  "email": "wscott6@smugmug.com",
  "ip_address": "209.215.189.96"
}, {
  "id": 8,
  "gender": "Female",
  "first_name": "Carolyn",
  "last_name": "Webb",
  "email": "cwebb7@europa.eu",
  "ip_address": "228.34.92.103"
}, {
  "id": 9,
  "gender": "Female",
  "first_name": "Ann",
  "last_name": "Frazier",
  "email": "afrazier8@jalbum.net",
  "ip_address": "248.62.131.13"
}, {
  "id": 10,
  "gender": "Male",
  "first_name": "Willie",
  "last_name": "Sims",
  "email": "wsims9@tmall.com",
  "ip_address": "33.42.189.103"
}, {
  "id": 11,
  "gender": "Female",
  "first_name": "Kelly",
  "last_name": "Cook",
  "email": "kcooka@csmonitor.com",
  "ip_address": "46.240.59.172"
}, {
  "id": 12,
  "gender": "Female",
  "first_name": "Helen",
  "last_name": "Nguyen",
  "email": "hnguyenb@addtoany.com",
  "ip_address": "69.251.49.209"
}, {
  "id": 13,
  "gender": "Male",
  "first_name": "Victor",
  "last_name": "Williamson",
  "email": "vwilliamsonc@patch.com",
  "ip_address": "169.205.61.96"
}, {
  "id": 14,
  "gender": "Male",
  "first_name": "Louis",
  "last_name": "Garrett",
  "email": "lgarrettd@msn.com",
  "ip_address": "141.71.42.11"
}, {
  "id": 15,
  "gender": "Female",
  "first_name": "Diane",
  "last_name": "Watson",
  "email": "dwatsone@smugmug.com",
  "ip_address": "28.6.162.119"
}, {
  "id": 16,
  "gender": "Female",
  "first_name": "Irene",
  "last_name": "Black",
  "email": "iblackf@unblog.fr",
  "ip_address": "8.34.210.190"
}, {
  "id": 17,
  "gender": "Female",
  "first_name": "Judy",
  "last_name": "Woods",
  "email": "jwoodsg@ocn.ne.jp",
  "ip_address": "160.121.206.203"
}, {
  "id": 18,
  "gender": "Male",
  "first_name": "Philip",
  "last_name": "Meyer",
  "email": "pmeyerh@adobe.com",
  "ip_address": "163.85.253.2"
}, {
  "id": 19,
  "gender": "Male",
  "first_name": "Samuel",
  "last_name": "Fox",
  "email": "sfoxi@livejournal.com",
  "ip_address": "53.56.70.219"
}, {
  "id": 20,
  "gender": "Male",
  "first_name": "Eric",
  "last_name": "West",
  "email": "ewestj@theatlantic.com",
  "ip_address": "229.8.25.156"
}]
